Link,Title,Location,Career,Recruitment period
https://www.saramin.co.kr/zf_user/jobs/relay/view?isMypage=no&rec_idx=48762253,[외국계] 신규사업개척,서울 강남구,경력 3~9년,오늘마감
https://www.saramin.co.kr/zf_user/jobs/relay/view?isMypage=no&rec_idx=48525607,[TE 커넥티비티] PLANT CONTROLLER,경북 경산시,경력10년↑,~ 08/31(토)
https://www.saramin.co.kr/zf_user/jobs/relay/view?isMypage=no&rec_idx=48665781,Cost Analyst(연구개발 부문 원가분석) 경력채용(사원-대리급),충남 천안시 서북구,경력 3~6년,~ 08/24(토)
https://www.saramin.co.kr/zf_user/jobs/relay/view?isMypage=no&rec_idx=48775296,Hub Labeling Manager Associate(1year Fixed Term),서울 중구,신입,~ 08/30(금)
https://www.saramin.co.kr/zf_user/jobs/relay/view?isMypage=no&rec_idx=48686092,"[쿠팡] Principal, Procurement (Global Procurement)",서울 송파구,경력5년↑,~ 08/24(토)
https://www.saramin.co.kr/zf_user/jobs/relay/view?isMypage=no&rec_idx=48785391,[한국하니웰] 시니어 영업 (EPC 경력자 모집),서울 마포구,경력 5~15년,~ 10/08(화)
https://www.saramin.co.kr/zf_user/jobs/relay/view?isMypage=no&rec_idx=48671192,"한국바스프 HR Business Partner, 1 Year Contract 모집",서울 중구,경력5년↑,~ 08/30(금)
https://www.saramin.co.kr/zf_user/jobs/relay/view?isMypage=no&rec_idx=48769315,[글로벌 Robotics 기업] Technical Sales,경기 성남시 분당구,경력5년↑,내일마감
https://www.saramin.co.kr/zf_user/jobs/relay/view?isMypage=no&rec_idx=48814930,Service Engineer 채용 (경력),경남 양산시,경력 1~5년,~ 09/12(목)
https://www.saramin.co.kr/zf_user/jobs/relay/view?isMypage=no&rec_idx=48809205,[글로벌인슈어테크기업] 오퍼레이션 리드 (15년+),서울 강남구,경력 14~20년,채용시
https://www.saramin.co.kr/zf_user/jobs/relay/view?isMypage=no&rec_idx=48807286,[외국계] Sales Engineer(장비),경기 성남시 분당구,경력 4~5년,~ 09/12(목)
https://www.saramin.co.kr/zf_user/jobs/relay/view?isMypage=no&rec_idx=48685127,HSE Consultant,서울 종로구,경력7년↑,~ 08/24(토)
https://www.saramin.co.kr/zf_user/jobs/relay/view?isMypage=no&rec_idx=48814986,영업부문 경력직 채용(Global Key Account Rep.),인천 연수구,경력 1~3년,~ 09/12(목)
https://www.saramin.co.kr/zf_user/jobs/relay/view?isMypage=no&rec_idx=48802321,(주)드림텍 2024년 3분기 관리·제조부문 채용,충남 아산시,신입·경력,~ 08/25(일)
https://www.saramin.co.kr/zf_user/jobs/relay/view?isMypage=no&rec_idx=48785602,[무역상사/외국계] HRBP(부장급)- 정규직/서울,서울 강남구,경력 5~15년,~ 09/08(일)
https://www.saramin.co.kr/zf_user/jobs/relay/view?isMypage=no&rec_idx=48837501,[외국계] HR 총무 경력,서울 마포구,경력 2~4년,~ 09/18(수)
https://www.saramin.co.kr/zf_user/jobs/relay/view?isMypage=no&rec_idx=48849794,[얀센백신] Associate Technician QC Lab Service (Contractor),인천 연수구,경력무관,채용시
https://www.saramin.co.kr/zf_user/jobs/relay/view?isMypage=no&rec_idx=48798673,[주방용품 1위 기업/외국계] 주방가전 마케팅 PM - 산휴대체 1년,서울 강남구,경력 3~7년,~ 08/30(금)
https://www.saramin.co.kr/zf_user/jobs/relay/view?isMypage=no&rec_idx=48841495,[유럽] 현대글로비스 유럽법인 물류사업 기획 담당자 채용,유럽 독일,경력 3~10년,~ 09/01(일)
https://www.saramin.co.kr/zf_user/jobs/relay/view?isMypage=no&rec_idx=48844797,[외국계]산업용 장비 제조사 - AM(After-Market) Sales,경기 용인시 처인구,경력 5~11년,채용시
https://www.saramin.co.kr/zf_user/jobs/relay/view?isMypage=no&rec_idx=48685403,[써모피셔 사이언티픽] Sales Manager (Lab Chemical),서울 강남구,경력7년↑,~ 08/24(토)
https://www.saramin.co.kr/zf_user/jobs/relay/view?isMypage=no&rec_idx=48806353,EA & Administrative Assistant (Fixed Term Contract),서울 강남구,경력 1~10년,~ 10/12(토)
https://www.saramin.co.kr/zf_user/jobs/relay/view?isMypage=no&rec_idx=48837091,Sales Representative,서울 용산구,경력무관,~ 09/18(수)
https://www.saramin.co.kr/zf_user/jobs/relay/view?isMypage=no&rec_idx=48849872,[존슨앤드존슨 메드테크]Sr. Professional Sales Representative,서울 용산구,경력3년↑,채용시
https://www.saramin.co.kr/zf_user/jobs/relay/view?isMypage=no&rec_idx=48804626,[반도체/영업] Sales Account Manager,서울 중구,경력12년↑,채용시
https://www.saramin.co.kr/zf_user/jobs/relay/view?isMypage=no&rec_idx=48619156,Product Owner (고수 Side),서울 강남구,경력3년↑,~ 08/30(금)
https://www.saramin.co.kr/zf_user/jobs/relay/view?isMypage=no&rec_idx=48809157,스킨케어 Sr. Marketer[과~차장급] - 외국계 초우량 소비재 기업,서울 강남구,경력 6~14년,~ 09/13(금)
https://www.saramin.co.kr/zf_user/jobs/relay/view?isMypage=no&rec_idx=48852836,[외국계] Marketing Specialist(광명),경기 광명시,경력 3~5년,~ 09/20(금)
https://www.saramin.co.kr/zf_user/jobs/relay/view?isMypage=no&rec_idx=48619366,Product Owner (유저 리텐션),서울 강남구,경력3년↑,~ 08/30(금)
https://www.saramin.co.kr/zf_user/jobs/relay/view?isMypage=no&rec_idx=48839633,글로벌 해외 패션브랜드 한국지사 - 이커머스 매니저,서울 강남구,경력7년↑,~ 09/18(수)
https://www.saramin.co.kr/zf_user/jobs/relay/view?isMypage=no&rec_idx=48822508,[외국계 패션] Footwear Merchandising (경력 5~11년 / 영어),서울 강남구,경력 5~11년,~ 09/15(일)
https://www.saramin.co.kr/zf_user/jobs/relay/view?isMypage=no&rec_idx=48615523,Business Development Manager,서울 강남구,경력 3~5년,채용시
https://www.saramin.co.kr/zf_user/jobs/relay/view?isMypage=no&rec_idx=48820822,"[뷰티] 해외영업 (쇼피,라다자 MD) 경력직",서울 마포구,경력1년↑,~ 09/15(일)
https://www.saramin.co.kr/zf_user/jobs/relay/view?isMypage=no&rec_idx=48787549,[유명수입자동차] Product & Pricing manager,서울 강남구,경력5년↑,~ 09/09(월)
https://www.saramin.co.kr/zf_user/jobs/relay/view?isMypage=no&rec_idx=48683335,화장품 브랜드 해외영업팀 채용,서울 금천구,경력2년↑,~ 08/24(토)
https://www.saramin.co.kr/zf_user/jobs/relay/view?isMypage=no&rec_idx=48685030,Training Coordinator,서울 종로구,경력무관,~ 08/24(토)
https://www.saramin.co.kr/zf_user/jobs/relay/view?isMypage=no&rec_idx=48714034,"Consumer Marketing Manager, Oral Health and Mother&Childcare",서울 중구,경력 5~9년,채용시
https://www.saramin.co.kr/zf_user/jobs/relay/view?isMypage=no&rec_idx=48569432,Localization Project Manager,서울 서초구,경력 5~10년,상시채용
https://www.saramin.co.kr/zf_user/jobs/relay/view?isMypage=no&rec_idx=48624833,Battery Business Development (프랑스계 화학회사),서울 성동구,신입·경력,채용시
https://www.saramin.co.kr/zf_user/jobs/relay/view?isMypage=no&rec_idx=48685457,System Functional Safety Engineer - Automotive,서울 종로구,경력4년↑,~ 08/24(토)
https://www.saramin.co.kr/zf_user/jobs/relay/view?isMypage=no&rec_idx=48782177,[외국계 시험인증기업] Procurement(구매)(4~8년 차)경력자 모집,경기 안양시 동안구,경력 4~8년,채용시
https://www.saramin.co.kr/zf_user/jobs/relay/view?isMypage=no&rec_idx=48781839,[글로벌 패션브랜드] Sr. Merchandiser (경력 5~11년 / 영어),서울 강남구,경력 5~11년,~ 09/08(일)
https://www.saramin.co.kr/zf_user/jobs/relay/view?isMypage=no&rec_idx=48784435,[코스메틱/생산관리] Production Assistant Manager,서울 중구,경력3년↑,채용시
https://www.saramin.co.kr/zf_user/jobs/relay/view?isMypage=no&rec_idx=48660566,Machine Learning Research Scientist,서울전체,경력 2~5년,오늘마감
https://www.saramin.co.kr/zf_user/jobs/relay/view?isMypage=no&rec_idx=48837482,[TE 커넥티비티] LOGISTICS ANALYST,경북 경산시,경력 1~3년,~ 09/18(수)
https://www.saramin.co.kr/zf_user/jobs/relay/view?isMypage=no&rec_idx=48855339,각 부문 신입 및 경력사원 채용 (본사/지방공장),인천전체,신입·경력,~ 09/04(수)
https://www.saramin.co.kr/zf_user/jobs/relay/view?isMypage=no&rec_idx=48491506,[하이네켄코리아 부산] On Trade 주류 영업 신입/경력 사원 모집,부산 금정구,신입·경력,상시채용
https://www.saramin.co.kr/zf_user/jobs/relay/view?isMypage=no&rec_idx=48508827,[인테그리스코리아] Facility Manager 채용,경기 평택시,경력10년↑,채용시
https://www.saramin.co.kr/zf_user/jobs/relay/view?isMypage=no&rec_idx=48849269,[한국얀센] Health Care Compliance Specialist - 신입지원가능,서울 용산구,신입·경력,채용시
https://www.saramin.co.kr/zf_user/jobs/relay/view?isMypage=no&rec_idx=48625095,Sales Representative (프랑스계 화학회사),서울 영등포구,경력 3~5년,채용시
https://www.saramin.co.kr/zf_user/jobs/relay/view?isMypage=no&rec_idx=48849675,"[한국얀센] Scientist, Epidemiology (Contractor)",서울 용산구,경력1년↑,채용시
https://www.saramin.co.kr/zf_user/jobs/relay/view?isMypage=no&rec_idx=48775769,[외국계/멀티스포츠] FP&A Manager,서울 강남구,경력6년↑,내일마감
https://www.saramin.co.kr/zf_user/jobs/relay/view?isMypage=no&rec_idx=48783488,"[경상남도/외국계] Service Engineer, 계약직 (정규직 전환형)",서울 강남구,경력 2~10년,~ 09/08(일)
https://www.saramin.co.kr/zf_user/jobs/relay/view?isMypage=no&rec_idx=48846113,[글로벌교육기업] 미국/영국 보딩스쿨Consultant /Sales경력채용,서울 강남구,경력 5~19년,~ 09/19(목)
https://www.saramin.co.kr/zf_user/jobs/relay/view?isMypage=no&rec_idx=48691792,Project Controller(최소 5년이상),서울 송파구,경력 5~8년,~ 08/25(일)
https://www.saramin.co.kr/zf_user/jobs/relay/view?isMypage=no&rec_idx=48848310,[홈헬스케어] 상담간호사 채용 (신입가능),강원 원주시,신입,~ 09/19(목)
https://www.saramin.co.kr/zf_user/jobs/relay/view?isMypage=no&rec_idx=48838854,[홈헬스케어] 8월 상시채용 (전지역) 신입/ 경력,강원 원주시,경력무관,~ 09/18(수)
https://www.saramin.co.kr/zf_user/jobs/relay/view?isMypage=no&rec_idx=48746622,[외국계] 제조 Operation Manager (부장/이사급),충북 보은군,경력 10~20년,채용시
https://www.saramin.co.kr/zf_user/jobs/relay/view?isMypage=no&rec_idx=48721368,[Cytiva] Discovery Channel Manager,서울 강남구,경력 5~8년,~ 08/30(금)
https://www.saramin.co.kr/zf_user/jobs/relay/view?isMypage=no&rec_idx=48504140,Adhesive Sales Engineer for Automotive Components,서울 금천구,경력5년↑,채용시
https://www.saramin.co.kr/zf_user/jobs/relay/view?isMypage=no&rec_idx=48756340,키사이트테크놀로지스코리아 - 기술영업,서울 영등포구,경력무관,채용시
https://www.saramin.co.kr/zf_user/jobs/relay/view?isMypage=no&rec_idx=48801937,"사업제휴 (주임~차부장)- 제약회사 판매제휴, 코프로모션, 파트",서울 서초구,경력5년↑,채용시
https://www.saramin.co.kr/zf_user/jobs/relay/view?isMypage=no&rec_idx=48719637,Procurement Specialist (52107),서울 용산구,경력6년↑,채용시
https://www.saramin.co.kr/zf_user/jobs/relay/view?isMypage=no&rec_idx=48683548,"Sales Specialist, Chromatography",경기 수원시 영통구,신입,~ 08/24(토)
https://www.saramin.co.kr/zf_user/jobs/relay/view?isMypage=no&rec_idx=48707001,[Cytiva Korea] Manufacturing Plant Director,인천 연수구,경력15년↑,~ 08/28(수)
https://www.saramin.co.kr/zf_user/jobs/relay/view?isMypage=no&rec_idx=48856463,[독일계 자동차 금융] Strategy & Projects Manager (정규직),서울 강남구,경력5년↑,~ 09/20(금)
https://www.saramin.co.kr/zf_user/jobs/relay/view?isMypage=no&rec_idx=48821364,Deputy Head of MHS Korea,서울 영등포구,경력,오늘마감
https://www.saramin.co.kr/zf_user/jobs/relay/view?isMypage=no&rec_idx=48597550,주식회사 트렉시 국내 온라인 패션MD / AMD 채용,서울 마포구,신입·경력,채용시
https://www.saramin.co.kr/zf_user/jobs/relay/view?isMypage=no&rec_idx=48746651,SUNGROW Project Management Technical Support Engineer,경기 안양시 동안구,경력2년↑,~ 09/04(수)
https://www.saramin.co.kr/zf_user/jobs/relay/view?isMypage=no&rec_idx=48840439,[WIZWID] ISEC 기획실 (M&A 및 신사업 발굴) 경력자 채용의 건,서울 강남구,경력,~ 09/18(수)
https://www.saramin.co.kr/zf_user/jobs/relay/view?isMypage=no&rec_idx=48742703,[베스핀글로벌 관계사] Global Business Development 영입,서울 서초구,경력10년↑,상시채용
https://www.saramin.co.kr/zf_user/jobs/relay/view?isMypage=no&rec_idx=48675021,[홈헬스케어] 의료장비 기술지원 엔지니어 (신입 가능),서울 송파구,경력무관,내일마감
https://www.saramin.co.kr/zf_user/jobs/relay/view?isMypage=no&rec_idx=48778679,[수원/정규직]외국계기업 원료Sales 경력직 채용(제약/식품 등),경기 수원시 장안구,경력7년↑,~ 08/30(금)
https://www.saramin.co.kr/zf_user/jobs/relay/view?isMypage=no&rec_idx=48785696,[홈헬스케어] 디지털 솔루션 담당자,서울 송파구,경력무관,~ 09/08(일)
https://www.saramin.co.kr/zf_user/jobs/relay/view?isMypage=no&rec_idx=48598258,(주)트렉시 B2B팀 영업 AMD 채용,서울 마포구,신입·경력,채용시
https://www.saramin.co.kr/zf_user/jobs/relay/view?isMypage=no&rec_idx=48670851,[NTT] Cloud Solutions Client Partner 경력직 모집,서울 영등포구,경력10년↑,오늘마감
https://www.saramin.co.kr/zf_user/jobs/relay/view?isMypage=no&rec_idx=48715321,[쿠팡CFS] EHS Design and Launch(EHS 안전설계) 계약직 채용(육휴대체),서울 송파구,경력,~ 08/31(토)
https://www.saramin.co.kr/zf_user/jobs/relay/view?isMypage=no&rec_idx=48807324,[Maersk Contract Logistics] 3PL Account Management (이천),경기 이천시,경력 7~13년,채용시
https://www.saramin.co.kr/zf_user/jobs/relay/view?isMypage=no&rec_idx=48713348,주식회사 트렉시 해외(CBT) 온라인 패션MD 채용,서울 마포구,신입·경력,채용시
https://www.saramin.co.kr/zf_user/jobs/relay/view?isMypage=no&rec_idx=48722929,[외국계 제약] 정규직 마케팅 Product Manager,서울 강남구,경력3년↑,채용시
https://www.saramin.co.kr/zf_user/jobs/relay/view?isMypage=no&rec_idx=48720783,[BMW 파이낸셜 서비스 코리아] CF Operator 채용 (계약직),서울 중구,경력,채용시
https://www.saramin.co.kr/zf_user/jobs/relay/view?isMypage=no&rec_idx=48773905,[Danfoss Korea] 댄포스코리아 Application Engineer,서울 중구,경력 3~5년,~ 10/07(월)
https://www.saramin.co.kr/zf_user/jobs/relay/view?isMypage=no&rec_idx=48752471,"물류팀( 수발주,조달관리 ) 모집",경기 평택시,신입·경력,~ 09/05(목)
https://www.saramin.co.kr/zf_user/jobs/relay/view?isMypage=no&rec_idx=48803376,하이온넷(주) IT 보안솔루션 및 IDC  기업영업 신입사원 채용,서울 구로구,경력무관,~ 09/12(목)
https://www.saramin.co.kr/zf_user/jobs/relay/view?isMypage=no&rec_idx=48830615,IT 보안솔루션 및 국제전용회선 기업영업[베트남(호치민)채용],아시아·중동 베트남,신입·경력,~ 09/18(수)
https://www.saramin.co.kr/zf_user/jobs/relay/view?isMypage=no&rec_idx=48803355,하이온넷(주) IT 보안솔루션 및 IDC  기업영업 경력사원 채용,서울 구로구,경력1년↑,~ 09/12(목)
https://www.saramin.co.kr/zf_user/jobs/relay/view?isMypage=no&rec_idx=48855701,2024년 상반기 완성차 타이어 Sales 담당자 (경력직),서울 강남구,경력4년↑,~ 09/22(일)
https://www.saramin.co.kr/zf_user/jobs/relay/view?isMypage=no&rec_idx=48678301,[NIKKISO CE&IG] Marine Sales Manager 채용,경기 성남시 분당구,경력7년↑,채용시
https://www.saramin.co.kr/zf_user/jobs/relay/view?isMypage=no&rec_idx=48807838,[글로벌 명품사/중구] 인사팀 채용 (ER Coordinator),서울 중구,경력무관,~ 09/12(목)
https://www.saramin.co.kr/zf_user/jobs/relay/view?isMypage=no&rec_idx=48844806,[Linde Engineering Korea] Head of HR,경기 성남시 분당구,경력10년↑,~ 09/19(목)
https://www.saramin.co.kr/zf_user/jobs/relay/view?isMypage=no&rec_idx=48729659,"[Enovix Korea] AR, Treasury and General Ledger Accountant",충남 논산시,경력3년↑,채용시
https://www.saramin.co.kr/zf_user/jobs/relay/view?isMypage=no&rec_idx=48670582,[NIKKISO CE&IG]Aftermarket Sales Manager  채용,부산 강서구,경력5년↑,채용시
https://www.saramin.co.kr/zf_user/jobs/relay/view?isMypage=no&rec_idx=48593333,"ACH Medical 해외영업 신규 채용[임플란트,의료기기]",경기 안양시 동안구,경력5년↑,채용시
https://www.saramin.co.kr/zf_user/jobs/relay/view?isMypage=no&rec_idx=48724112,키사이트테크놀로지스코리아 - 기술영업 (B2B),서울 영등포구,경력무관,~ 08/31(토)
https://www.saramin.co.kr/zf_user/jobs/relay/view?isMypage=no&rec_idx=48483455,[Cytiva Korea] Lead Project Engineer,인천 연수구,경력7년↑,채용시
https://www.saramin.co.kr/zf_user/jobs/relay/view?isMypage=no&rec_idx=48677365,[외국계기업] Field Sales - Account Manager,서울 송파구,경력 3~10년,채용시
https://www.saramin.co.kr/zf_user/jobs/relay/view?isMypage=no&rec_idx=48670245,[NIKKISO CE&IG]Aftermarket Sales Engineer  채용,부산 강서구,경력5년↑,채용시
https://www.saramin.co.kr/zf_user/jobs/relay/view?isMypage=no&rec_idx=48788435,히팅시스템 기술영업  (부장급 이상),부산 해운대구,경력15년↑,~ 10/10(목)
https://www.saramin.co.kr/zf_user/jobs/relay/view?isMypage=no&rec_idx=48685039,[카고파트너코리아] 외국계포워딩 영업사원을 모십니다.,서울 강서구,경력무관,~ 09/23(월)
https://www.saramin.co.kr/zf_user/jobs/relay/view?isMypage=no&rec_idx=48692139,"의료기기 인증(RA)담당자모집[임플란트,복강경,의료기기]",경기 화성시,신입·경력,채용시
https://www.saramin.co.kr/zf_user/jobs/relay/view?isMypage=no&rec_idx=48834810,[Primetals Technologies Limited] 인사총무 경력사원 채용,서울 마포구,경력 1~4년,채용시
https://www.saramin.co.kr/zf_user/jobs/relay/view?isMypage=no&rec_idx=48853922,"외국계 소비재회사, 브랜드매니저",서울 강남구,경력 5~8년,~ 09/20(금)
https://www.saramin.co.kr/zf_user/jobs/relay/view?isMypage=no&rec_idx=48766101,[재단법인 그린피스] Program Director,서울 용산구,경력,채용시
https://www.saramin.co.kr/zf_user/jobs/relay/view?isMypage=no&rec_idx=48848612,국내 세일즈 영업 경력직 모집 [외국계회사],서울 강남구,경력5년↑,~ 09/18(수)
https://www.saramin.co.kr/zf_user/jobs/relay/view?isMypage=no&rec_idx=48736359,[뉴질랜드계 포워딩] 채용전환형 인턴십 모집,서울 강서구,신입,채용시
https://www.saramin.co.kr/zf_user/jobs/relay/view?isMypage=no&rec_idx=48698778,[GME FINANCE] Loan Marketing Officer (외국인 채용),서울 영등포구,경력2년↑,~ 08/28(수)
https://www.saramin.co.kr/zf_user/jobs/relay/view?isMypage=no&rec_idx=48632591,Global Product Manager,서울 서초구,경력 5~10년,채용시
https://www.saramin.co.kr/zf_user/jobs/relay/view?isMypage=no&rec_idx=48831864,국내 유명 제약회사 - Business Development Team Manager,서울 강남구,경력15년↑,~ 09/18(수)
https://www.saramin.co.kr/zf_user/jobs/relay/view?isMypage=no&rec_idx=48794342,IS manager 경력 모집,대구전체,경력 5~10년,~ 09/10(화)
https://www.saramin.co.kr/zf_user/jobs/relay/view?isMypage=no&rec_idx=48593244,"ACH Medical 개발담당자모집[임플란트,복강경,의료기기]",경기 화성시,신입·경력,채용시
https://www.saramin.co.kr/zf_user/jobs/relay/view?isMypage=no&rec_idx=48517783,[CLASQUIN KOREA] 영업부 경력직 모집 (부산),서울 마포구,경력5년↑,~ 08/30(금)
https://www.saramin.co.kr/zf_user/jobs/relay/view?isMypage=no&rec_idx=48676323,[오가노이드사이언스] 사업개발 채용(대리~과장),경기 성남시 분당구,경력3년↑,~ 09/22(일)
https://www.saramin.co.kr/zf_user/jobs/relay/view?isMypage=no&rec_idx=48783364,[에어리퀴드솔루션즈코리아] 품질 관리자 (신입 가능),서울 강남구,신입·경력,~ 09/08(일)
https://www.saramin.co.kr/zf_user/jobs/relay/view?isMypage=no&rec_idx=48801128,현대엔지니어링 플랜트조달관리 경력직(계약직) 인재영입,서울 종로구,경력무관,~ 08/25(일)
https://www.saramin.co.kr/zf_user/jobs/relay/view?isMypage=no&rec_idx=48838724,대기업자회사 인도법인 VFX 3D 특수효과 담당 대리차장초,아시아·중동 인도,경력 5~15년,~ 09/18(수)
https://www.saramin.co.kr/zf_user/jobs/relay/view?isMypage=no&rec_idx=48805359,[조사분석/컨설팅] Implementation Consultant,서울 중구,경력 3~10년,채용시
https://www.saramin.co.kr/zf_user/jobs/relay/view?isMypage=no&rec_idx=48776666,"[외국계 여행플랫폼 KKday] Manager, Partnership Marketing",서울 마포구,경력 5~8년,~ 10/07(월)
https://www.saramin.co.kr/zf_user/jobs/relay/view?isMypage=no&rec_idx=48576731,"PO (Product Owner, 제조업 이상탐지 분야)",서울 강남구,경력 5~10년,상시채용
https://www.saramin.co.kr/zf_user/jobs/relay/view?isMypage=no&rec_idx=48517817,[CLASQUIN KOREA] 영업부 경력직 모집 (서울),서울 마포구,경력1년↑,~ 08/30(금)
https://www.saramin.co.kr/zf_user/jobs/relay/view?isMypage=no&rec_idx=48778793,뷰티 &바디 Marketer[대리~과장급] - 외국계 초우량 소비재 기업,서울 강남구,경력 4~10년,~ 09/08(일)
https://www.saramin.co.kr/zf_user/jobs/relay/view?isMypage=no&rec_idx=48660415,Machine Learning Resesarch Scientist (전문연구요원),서울전체,경력 1~5년,오늘마감
https://www.saramin.co.kr/zf_user/jobs/relay/view?isMypage=no&rec_idx=48801092,2024 명화공업 및 관계사 수시 채용 (신입 및 경력),서울 금천구,신입·경력,~ 08/26(월)
https://www.saramin.co.kr/zf_user/jobs/relay/view?isMypage=no&rec_idx=48732295,"[하이트진로음료] 마케팅 및 생산관리,생산기획 신입채용",서울 강서구,신입,내일마감
https://www.saramin.co.kr/zf_user/jobs/relay/view?isMypage=no&rec_idx=48849382,2024년 3분기 분야별 공개채용,전국,신입·경력,~ 08/31(토)
https://www.saramin.co.kr/zf_user/jobs/relay/view?isMypage=no&rec_idx=48801210,BMC 각 부문별 신입/경력직 채용,경기 안성시,경력무관,~ 09/11(수)
https://www.saramin.co.kr/zf_user/jobs/relay/view?isMypage=no&rec_idx=48817211,(슈카월드 코믹스)  '주식은 지금' 프로그램 작가 모집,서울 서초구,경력무관,상시채용
https://www.saramin.co.kr/zf_user/jobs/relay/view?isMypage=no&rec_idx=48791995,2024년 각 부문 신입/경력 직원 채용 (서울/원주),서울 송파구,신입·경력,~ 08/25(일)
https://www.saramin.co.kr/zf_user/jobs/relay/view?isMypage=no&rec_idx=48488120,㈜우진플라임 부문별 인재채용,충북 보은군,신입·경력,~ 09/04(수)
https://www.saramin.co.kr/zf_user/jobs/relay/view?isMypage=no&rec_idx=48817189,(슈카월드 코믹스) 라이브 PD 모집 (촬영 + 편집),서울 서초구,경력무관,상시채용
https://www.saramin.co.kr/zf_user/jobs/relay/view?isMypage=no&rec_idx=48831054,한스그룹 2024 하반기 수시채용 인재모집,서울 송파구,신입·경력,~ 08/29(목)
https://www.saramin.co.kr/zf_user/jobs/relay/view?isMypage=no&rec_idx=48857038,KBI동국실업 신입/경력사원 모집,충남 아산시,신입·경력,~ 09/01(일)
https://www.saramin.co.kr/zf_user/jobs/relay/view?isMypage=no&rec_idx=48846287,태형리싸이클링(주) 각 사업소 신입 및 경력사원 모집,서울 송파구,경력무관,~ 08/28(수)
https://www.saramin.co.kr/zf_user/jobs/relay/view?isMypage=no&rec_idx=48554857,"동남유화 그룹 2024년 하반기 공개채용(영업, 공무, PSM 등)",서울 강남구,경력무관,~ 09/02(월)
https://www.saramin.co.kr/zf_user/jobs/relay/view?isMypage=no&rec_idx=48844853,물류센타 사무직 정직원 채용 (경력무관),경기 이천시,경력무관,~ 08/28(수)
https://www.saramin.co.kr/zf_user/jobs/relay/view?isMypage=no&rec_idx=48780453,2024년 부문별 직원 공개채용,서울 서대문구,경력,~ 09/04(수)
https://www.saramin.co.kr/zf_user/jobs/relay/view?isMypage=no&rec_idx=46858808,제주 드림타워 복합리조트 [카지노&호텔] 대규모 공개 채용,제주 제주시,신입·경력,~ 08/31(토)
https://www.saramin.co.kr/zf_user/jobs/relay/view?isMypage=no&rec_idx=48543603,㈜아모텍 2024년 하반기 신입/경력 수시채용,서울 서초구,신입·경력,~ 08/31(토)
https://www.saramin.co.kr/zf_user/jobs/relay/view?isMypage=no&rec_idx=48845200,한국발전기술(주) 전국 발전소 직원 채용,전북 익산시,신입·경력,~ 08/25(일)
https://www.saramin.co.kr/zf_user/jobs/relay/view?isMypage=no&rec_idx=48837908,2024년 하반기 공개채용(외국인 우대),경기 화성시,경력무관,~ 09/18(수)
https://www.saramin.co.kr/zf_user/jobs/relay/view?isMypage=no&rec_idx=48621705,신입 및 경력직원 채용공고,경기 군포시,신입·경력,~ 09/20(금)
